label,fire,n,shot_rate,goal_rate
coverage_debt,0,510,1.0,0.12352941176470589
coverage_debt,1,467,1.0,0.12633832976445397
compact_but_broken,0,971,0.06385169927909372,0.0
compact_but_broken,1,919,0.22306855277475518,0.023939064200217627
weak_side_press_leak,0,879,0.05688282138794084,0.004550625711035267
weak_side_press_leak,1,688,0.10465116279069768,0.011627906976744186
step_vs_hold,0,11830,0.09687235841081995,0.012510566356720203
step_vs_hold,1,1496,0.07419786096256685,0.007352941176470588
phase_outcome_dense,0,4157,0.0,0.0
phase_outcome_dense,1,1542,0.41050583657587547,0.04215304798962387
proximity_intent_debt,0,1980,0.12171717171717172,0.01616161616161616
proximity_intent_debt,1,92,0.5108695652173914,0.08695652173913043
