match_id,frame_start,presser_role,channel,ball_aware,ball_heading_err_deg,runner_aware,scan_lag_frames,shot,goal,label,label_fire
1925299,222,RW,half_space_right,1,32.5,,,False,False,pose_attention,0
1925299,243,RB,half_space_right,1,48.3,0.0,3.0,False,False,pose_attention,1
1925299,257,LM,half_space_right,1,29.1,0.0,15.0,False,False,pose_attention,1
1925299,261,CF,center,0,152.8,,,False,False,pose_attention,1
1925299,1814,CF,center,0,63.9,,,False,False,pose_attention,1
1925299,1831,CF,center,1,4.8,,,False,False,pose_attention,0
1925299,1838,CF,center,1,14.8,,,False,False,pose_attention,0
1925299,2346,AM,center,1,20.8,,,False,False,pose_attention,0
1925299,2373,RW,wide_right,1,13.6,1.0,1.0,False,False,pose_attention,0
1925299,2662,RM,half_space_left,1,16.9,1.0,0.0,False,False,pose_attention,0
1925299,2685,CF,half_space_left,1,25.2,1.0,1.0,False,False,pose_attention,0
1925299,2715,LB,wide_left,1,39.5,1.0,1.0,False,False,pose_attention,0
1925299,2806,CF,half_space_right,1,22.8,,,False,False,pose_attention,0
1925299,2843,LM,center,1,28.8,,,False,False,pose_attention,0
1925299,3568,RCB,center,1,29.8,,,False,False,pose_attention,0
1925299,3625,RB,wide_left,0,127.3,0.0,3.0,False,False,pose_attention,1
1925299,3661,RB,wide_left,1,44.1,1.0,1.0,False,False,pose_attention,0
1925299,3683,RDM,wide_left,1,39.9,1.0,1.0,False,False,pose_attention,0
1925299,5174,CF,center,0,150.9,,,False,False,pose_attention,1
1925299,5243,LB,wide_left,1,24.9,,,False,False,pose_attention,0
1925299,5262,LW,wide_left,1,7.2,,,False,False,pose_attention,0
1925299,5971,RW,wide_right,0,60.6,1.0,1.0,False,False,pose_attention,1
1925299,6004,CF,wide_right,1,33.1,,,False,False,pose_attention,0
1925299,6454,CF,half_space_right,1,4.8,1.0,0.0,False,False,pose_attention,0
1925299,6477,LW,center,1,8.5,,,False,False,pose_attention,0
1925299,6499,LB,wide_left,1,10.4,0.0,3.0,False,False,pose_attention,1
1925299,6560,CF,half_space_left,1,12.4,,,False,False,pose_attention,0
1925299,7259,LW,wide_left,0,174.6,,,False,False,pose_attention,1
1925299,7298,CF,wide_left,1,15.9,,,False,False,pose_attention,0
1925299,7509,CF,center,1,11.5,,,False,False,pose_attention,0
1925299,7513,RM,center,1,11.6,,,False,False,pose_attention,0
1925299,7543,CF,center,0,134.3,,,False,False,pose_attention,1
1925299,7550,RM,center,0,67.7,,,False,False,pose_attention,1
1925299,8581,RW,wide_right,1,3.0,,,False,False,pose_attention,0
1925299,8581,CF,wide_right,1,25.0,,,False,False,pose_attention,0
1925299,8667,RW,half_space_right,1,2.4,1.0,1.0,False,False,pose_attention,0
1925299,8685,RW,center,1,10.8,,,False,False,pose_attention,0
1925299,8698,AM,center,1,3.9,,,False,False,pose_attention,0
1925299,8736,AM,center,1,1.9,,,False,False,pose_attention,0
1925299,8762,LB,half_space_left,1,20.6,,,False,False,pose_attention,0
1925299,9166,RB,center,0,63.0,,,False,False,pose_attention,1
1925299,9175,RDM,center,1,48.5,,,False,False,pose_attention,0
1925299,9210,AM,half_space_right,0,60.7,0.0,6.0,False,False,pose_attention,1
1925299,9304,AM,center,1,17.1,,,False,False,pose_attention,0
1925299,9322,CF,center,1,6.2,,,False,False,pose_attention,0
1925299,10225,CF,half_space_left,1,13.3,,,False,False,pose_attention,0
1925299,10265,LM,center,1,6.0,,,False,False,pose_attention,0
1925299,10300,RW,wide_right,0,161.6,,,False,False,pose_attention,1
1925299,10486,CF,center,1,11.9,,,False,False,pose_attention,0
1925299,10502,RM,center,1,21.6,,,False,False,pose_attention,0
1925299,10520,LM,center,0,73.3,,,False,False,pose_attention,1
1925299,11875,LB,half_space_left,1,28.5,0.0,,False,False,pose_attention,1
1925299,11895,AM,half_space_left,0,164.7,0.0,,False,False,pose_attention,1
1925299,11901,CF,half_space_left,0,149.9,0.0,,False,False,pose_attention,1
1925299,11912,CF,half_space_left,1,16.3,0.0,,False,False,pose_attention,1
1925299,11944,LW,wide_left,1,16.0,0.0,,False,False,pose_attention,1
1925299,11972,AM,wide_left,1,20.9,0.0,6.0,False,False,pose_attention,1
1925299,11988,LW,wide_left,1,7.0,,,False,False,pose_attention,0
1925299,11997,AM,wide_left,1,14.0,,,False,False,pose_attention,0
1925299,12109,RW,half_space_right,1,32.4,0.0,,False,False,pose_attention,1
1925299,12138,RW,wide_right,1,39.2,,,False,False,pose_attention,0
1925299,12202,CF,center,1,36.0,,,False,False,pose_attention,0
1925299,12231,RB,center,1,26.5,,,False,False,pose_attention,0
1925299,12242,LM,center,1,12.8,,,False,False,pose_attention,0
1925299,12478,CF,center,1,5.8,,,False,False,pose_attention,0
1925299,12491,LW,half_space_left,1,24.0,,,False,False,pose_attention,0
1925299,12505,CF,center,1,37.5,,,False,False,pose_attention,0
1925299,12519,LB,wide_left,1,35.1,0.0,5.0,False,False,pose_attention,1
1925299,12536,LCB,wide_left,1,33.0,0.0,8.0,False,False,pose_attention,1
1925299,12647,LW,wide_left,1,7.8,,,False,False,pose_attention,0
1925299,12675,AM,half_space_left,1,23.5,,,False,False,pose_attention,0
1925299,12698,AM,center,1,13.5,,,False,False,pose_attention,0
1925299,12731,RW,wide_right,1,17.1,,,False,False,pose_attention,0
1925299,12801,CF,center,0,160.7,,,False,False,pose_attention,1
1925299,13140,RM,center,1,24.7,,,False,False,pose_attention,0
1925299,13158,LM,half_space_right,0,132.5,,,False,False,pose_attention,1
1925299,13163,RB,wide_right,1,36.2,,,False,False,pose_attention,0
1925299,13182,LW,wide_left,0,175.0,,,False,False,pose_attention,1
1925299,13227,RB,center,0,150.4,,,False,False,pose_attention,1
1925299,13240,RDM,half_space_left,1,45.3,1.0,0.0,False,False,pose_attention,0
1925299,14265,RW,center,1,42.3,,,False,False,pose_attention,0
1925299,14276,LCB,half_space_left,1,14.4,,,False,False,pose_attention,0
1925299,14295,LM,half_space_left,1,7.3,,,False,False,pose_attention,0
1925299,20346,RW,half_space_right,1,24.5,0.0,,False,False,pose_attention,1
1925299,20392,RW,half_space_right,1,6.1,0.0,8.0,False,False,pose_attention,1
1925299,20400,CF,center,0,169.3,,,False,False,pose_attention,1
1925299,20461,LW,wide_left,1,0.3,0.0,,False,False,pose_attention,1
1925299,20495,CF,wide_left,1,5.4,,,False,False,pose_attention,0
1925299,20752,RW,half_space_right,1,3.6,,,False,False,pose_attention,0
1925299,20775,RB,wide_right,1,0.9,,,False,False,pose_attention,0
1925299,20850,AM,half_space_right,1,2.4,,,False,False,pose_attention,0
1925299,20867,AM,half_space_right,1,11.2,,,False,False,pose_attention,0
1925299,21927,CF,half_space_right,1,40.6,,,False,False,pose_attention,0
1925299,21967,CF,half_space_right,1,29.1,,,False,False,pose_attention,0
1925299,21968,CF,center,1,18.8,,,False,False,pose_attention,0
1925299,22130,CF,half_space_left,1,11.5,,,False,False,pose_attention,0
1925299,22160,CF,center,1,25.0,,,False,False,pose_attention,0
1925299,22189,LM,half_space_right,1,16.5,,,False,False,pose_attention,0
1925299,22200,LM,half_space_right,1,7.8,,,False,False,pose_attention,0
1925299,22200,RM,half_space_right,1,20.0,,,False,False,pose_attention,0
1925299,22222,CF,half_space_right,1,24.9,,,False,False,pose_attention,0
1925299,22247,RW,wide_right,1,15.1,,,False,False,pose_attention,0
1925299,22971,CF,half_space_left,1,21.3,,,False,False,pose_attention,0
1925299,22977,LW,wide_left,1,34.8,,,False,False,pose_attention,0
1925299,23307,AM,center,1,0.4,,,False,False,pose_attention,0
1925299,23332,CF,center,1,29.7,,,False,False,pose_attention,0
1925299,23365,CF,center,1,13.4,,,False,False,pose_attention,0
1925299,23413,RW,wide_right,1,30.8,,,False,False,pose_attention,0
1925299,23431,RDM,wide_right,1,11.6,0.0,13.0,False,False,pose_attention,1
1925299,23486,CF,center,1,31.6,,,False,False,pose_attention,0
1925299,24689,LW,wide_left,1,20.0,,,False,False,pose_attention,0
1925299,24728,CF,center,1,26.4,,,False,False,pose_attention,0
1925299,24975,CF,half_space_right,1,31.3,,,False,False,pose_attention,0
1925299,24988,CF,half_space_right,1,5.8,,,False,False,pose_attention,0
1925299,25024,CF,center,1,0.0,,,False,False,pose_attention,0
1925299,25055,LM,center,1,10.8,,,False,False,pose_attention,0
1925299,25061,LW,half_space_left,1,20.3,,,False,False,pose_attention,0
1925299,25096,LW,wide_left,1,11.1,,,False,False,pose_attention,0
1925299,25201,AM,half_space_right,1,7.4,,,False,False,pose_attention,0
1925299,25229,AM,half_space_right,1,19.8,,,False,False,pose_attention,0
1925299,25263,CF,center,1,3.2,,,False,False,pose_attention,0
1925299,25285,RDM,center,1,20.0,,,False,False,pose_attention,0
1925299,25675,RW,wide_right,1,28.3,,,False,False,pose_attention,0
1925299,25689,RB,wide_right,1,30.1,1.0,1.0,False,False,pose_attention,0
1925299,25788,CF,center,1,1.1,,,False,False,pose_attention,0
1925299,25816,CF,half_space_right,1,46.0,1.0,0.0,False,False,pose_attention,0
1925299,25839,RM,center,1,27.7,,,False,False,pose_attention,0
1925299,25845,LW,center,1,9.1,,,False,False,pose_attention,0
1925299,26766,RW,half_space_right,0,90.7,,,False,False,pose_attention,1
1925299,26835,RW,half_space_right,1,14.5,0.0,5.0,False,False,pose_attention,1
1925299,27618,RCB,wide_right,0,66.1,0.0,,False,False,pose_attention,1
1925299,27629,LDM,wide_right,1,26.9,0.0,15.0,False,False,pose_attention,1
1925299,27630,RDM,wide_right,1,16.6,0.0,14.0,False,False,pose_attention,1
1925299,27642,LW,wide_right,1,3.2,0.0,10.0,False,False,pose_attention,1
1925299,27646,LW,wide_right,1,33.2,0.0,6.0,False,False,pose_attention,1
1925299,27660,AM,half_space_right,1,14.7,,,False,False,pose_attention,0
1925299,27973,RW,half_space_left,1,13.9,,,False,False,pose_attention,0
1925299,28010,AM,half_space_left,1,5.3,,,False,False,pose_attention,0
1925299,28066,LB,wide_left,0,60.5,,,False,False,pose_attention,1
1925299,28068,RW,wide_left,1,28.4,,,False,False,pose_attention,0
1925299,28083,RW,wide_left,1,27.1,0.0,,False,False,pose_attention,1
1925299,28884,AM,center,1,52.5,,,False,False,pose_attention,0
1925299,28920,RDM,wide_right,1,50.6,0.0,2.0,False,False,pose_attention,1
1925299,29177,AM,center,1,32.2,,,False,False,pose_attention,0
1925299,29208,AM,center,1,49.1,,,False,False,pose_attention,0
1925299,31012,CF,wide_left,1,28.7,,,False,False,pose_attention,0
1925299,31038,CF,half_space_left,1,3.9,,,False,False,pose_attention,0
1925299,31066,CF,half_space_left,1,46.0,,,False,False,pose_attention,0
1925299,31487,CF,half_space_right,1,10.3,,,False,False,pose_attention,0
1925299,31509,AM,center,1,46.2,,,False,False,pose_attention,0
1925299,31530,LW,wide_left,0,79.4,1.0,0.0,False,False,pose_attention,1
1925299,31549,LB,wide_left,1,34.1,1.0,1.0,False,False,pose_attention,0
1925299,31558,LW,wide_left,1,6.8,0.0,,False,False,pose_attention,1
1925299,31568,AM,wide_left,1,24.0,,,False,False,pose_attention,0
1925299,31621,RW,center,1,27.4,,,False,False,pose_attention,0
1925299,31657,RW,center,1,55.4,,,False,False,pose_attention,0
1925299,34083,CF,center,1,10.9,,,False,False,pose_attention,0
1925299,34101,AM,half_space_left,1,20.9,,,False,False,pose_attention,0
1925299,34123,LDM,center,1,19.4,,,False,False,pose_attention,0
1925299,34127,LW,half_space_left,1,5.7,0.0,,False,False,pose_attention,1
1925299,34346,AM,center,1,20.8,,,False,False,pose_attention,0
1925299,34372,CF,half_space_left,1,46.5,,,False,False,pose_attention,0
1925299,35853,CF,half_space_right,1,31.1,,,False,False,pose_attention,0
1925299,35874,CF,half_space_right,1,9.1,,,False,False,pose_attention,0
1925299,35918,RW,wide_right,1,47.5,1.0,0.0,False,False,pose_attention,0
1925299,35947,RM,center,0,140.6,,,False,False,pose_attention,1
1925299,35966,LW,center,1,24.5,,,False,False,pose_attention,0
1925299,36061,RW,half_space_right,1,12.0,1.0,1.0,False,False,pose_attention,0
1925299,36088,LDM,center,0,68.1,,,False,False,pose_attention,1
1925299,36379,CF,half_space_right,1,37.6,,,False,False,pose_attention,0
1925299,36402,CF,center,1,7.7,,,False,False,pose_attention,0
1925299,36455,LW,half_space_left,1,19.9,,,False,False,pose_attention,0
1925299,36488,LW,wide_left,1,0.9,,,False,False,pose_attention,0
1925299,36490,LB,wide_left,1,53.2,,,False,False,pose_attention,0
1925299,36840,LM,center,1,8.6,,,False,False,pose_attention,0
1925299,36854,CF,center,1,4.1,,,False,False,pose_attention,0
1925299,37025,CF,half_space_left,0,127.9,,,False,False,pose_attention,1
1925299,37036,LW,wide_left,1,35.2,,,False,False,pose_attention,0
1925299,37123,CF,center,1,58.7,,,False,False,pose_attention,0
1925299,37208,RW,wide_right,1,7.3,,,False,False,pose_attention,0
1925299,37260,CF,center,1,29.8,,,False,False,pose_attention,0
1925299,37269,RM,center,1,21.9,,,False,False,pose_attention,0
1925299,37281,CF,center,1,13.4,,,False,False,pose_attention,0
1925299,37311,LW,wide_left,1,17.5,0.0,9.0,False,False,pose_attention,1
1925299,38195,CF,center,1,45.3,,,False,False,pose_attention,0
1925299,38240,RM,half_space_left,1,9.7,1.0,0.0,False,False,pose_attention,0
1925299,38258,LM,half_space_left,1,52.1,1.0,0.0,False,False,pose_attention,0
1925299,39172,CF,center,1,17.1,,,False,False,pose_attention,0
1925299,39172,LM,center,1,6.5,,,False,False,pose_attention,0
1925299,39194,CF,center,1,13.0,,,False,False,pose_attention,0
1925299,39221,CF,half_space_left,1,5.2,,,False,False,pose_attention,0
1925299,39221,LW,wide_left,1,18.3,,,False,False,pose_attention,0
1925299,39253,CF,half_space_right,0,141.1,,,False,False,pose_attention,1
1925299,39277,LW,wide_right,1,18.1,0.0,,False,False,pose_attention,1
1925299,39303,AM,center,1,24.7,,,False,False,pose_attention,0
1925299,39304,LW,center,1,17.1,,,False,False,pose_attention,0
1925299,41174,CF,wide_right,1,26.0,,,False,False,pose_attention,0
1925299,41210,CF,half_space_right,1,4.8,,,False,False,pose_attention,0
1925299,41222,LB,half_space_left,0,156.0,1.0,0.0,False,False,pose_attention,1
1925299,41253,LW,wide_left,1,32.6,0.0,3.0,False,False,pose_attention,1
1925299,41691,CF,half_space_right,1,7.9,,,False,False,pose_attention,0
1925299,41713,RW,wide_right,1,19.8,,,False,False,pose_attention,0
1925299,41722,RW,half_space_right,1,8.0,,,False,False,pose_attention,0
1925299,41737,RB,half_space_right,1,1.2,,,False,False,pose_attention,0
1925299,41740,LM,half_space_right,1,47.0,,,False,False,pose_attention,0
1925299,41745,RM,center,1,5.9,,,False,False,pose_attention,0
1925299,42277,RW,half_space_left,1,11.3,,,False,False,pose_attention,0
1925299,42306,CF,center,1,43.2,,,False,False,pose_attention,0
1925299,43619,AM,center,1,29.0,,,False,False,pose_attention,0
1925299,43657,CF,half_space_right,1,19.7,0.0,3.0,False,False,pose_attention,1
1925299,43695,CF,half_space_right,1,5.7,,,False,False,pose_attention,0
1925299,43764,CF,center,1,3.9,,,False,False,pose_attention,0
1925299,43771,RW,half_space_right,1,34.8,,,False,False,pose_attention,0
1925299,43810,RW,wide_right,1,44.6,,,False,False,pose_attention,0
1925299,43850,CF,half_space_right,1,39.9,,,False,False,pose_attention,0
1925299,43886,LM,half_space_right,1,0.5,,,False,False,pose_attention,0
1925299,44071,AM,wide_left,1,28.9,,,False,False,pose_attention,0
1925299,44092,CF,half_space_left,1,19.5,,,False,False,pose_attention,0
1925299,46805,LW,wide_left,1,6.9,0.0,7.0,False,False,pose_attention,1
1925299,46838,LW,wide_left,0,93.0,0.0,10.0,False,False,pose_attention,1
1925299,46860,CF,half_space_left,1,30.0,,,False,False,pose_attention,0
1925299,46919,RW,half_space_right,0,76.1,,,False,False,pose_attention,1
1925299,47336,CF,center,1,47.9,,,False,False,pose_attention,0
1925299,47414,CF,center,1,30.6,,,False,False,pose_attention,0
1925299,47440,RW,wide_right,1,36.7,,,False,False,pose_attention,0
1925299,47879,LW,wide_right,1,25.8,,,False,False,pose_attention,0
1925299,47914,CF,half_space_right,1,33.4,,,False,False,pose_attention,0
1925299,47940,AM,center,1,15.6,,,False,False,pose_attention,0
1925299,49666,RDM,half_space_right,1,45.5,,,False,False,pose_attention,0
1925299,49687,RB,wide_right,1,12.2,1.0,1.0,False,False,pose_attention,0
1925299,49710,LW,wide_right,1,47.5,0.0,,False,False,pose_attention,1
1925299,49768,CF,half_space_right,1,28.1,,,False,False,pose_attention,0
1925299,50286,LW,wide_right,1,3.4,,,False,False,pose_attention,0
1925299,50312,LW,half_space_right,1,21.7,,,False,False,pose_attention,0
1925299,50329,AM,center,1,13.7,,,False,False,pose_attention,0
1925299,52348,LW,wide_left,1,5.8,,,False,False,pose_attention,0
1925299,52361,RW,wide_left,1,15.9,,,False,False,pose_attention,0
1925299,52375,RM,wide_left,1,8.7,,,False,False,pose_attention,0
1925299,52398,LW,wide_left,1,7.7,,,False,False,pose_attention,0
1925299,52559,LW,wide_left,1,11.0,0.0,7.0,False,False,pose_attention,1
1925299,52574,RW,half_space_left,0,104.2,1.0,0.0,False,False,pose_attention,1
1925299,52626,RM,wide_left,1,9.3,0.0,12.0,False,False,pose_attention,1
1925299,52645,LW,center,1,6.7,,,False,False,pose_attention,0
1925299,52652,CF,center,1,26.4,,,False,False,pose_attention,0
1925299,53928,CF,wide_right,1,40.6,,,False,False,pose_attention,0
1925299,53938,LW,wide_right,1,6.6,,,False,False,pose_attention,0
1925299,53950,CF,half_space_right,1,3.4,,,False,False,pose_attention,0
1925299,53958,LM,wide_right,1,39.0,,,False,False,pose_attention,0
1925299,53958,LW,half_space_right,1,1.4,,,False,False,pose_attention,0
1925299,53969,LM,half_space_right,1,14.6,,,False,False,pose_attention,0
1925299,53986,RM,half_space_right,1,17.1,,,False,False,pose_attention,0
1925299,54046,CF,center,1,7.4,,,False,False,pose_attention,0
1925299,54076,AM,half_space_left,1,20.9,1.0,0.0,False,False,pose_attention,0
1925299,54096,RW,wide_left,1,41.3,,,False,False,pose_attention,0
1925299,54282,RW,wide_left,1,29.6,0.0,,False,False,pose_attention,1
1925299,54289,LW,wide_left,0,97.3,,,False,False,pose_attention,1
1925299,54314,LW,wide_left,1,21.5,,,False,False,pose_attention,0
1925299,56052,LDM,half_space_right,1,38.3,1.0,0.0,False,False,pose_attention,0
1925299,56086,CF,half_space_right,1,40.7,0.0,14.0,False,False,pose_attention,1
1925299,57176,LW,half_space_left,1,28.8,1.0,0.0,False,False,pose_attention,0
1925299,57225,LW,wide_left,1,38.1,1.0,1.0,False,False,pose_attention,0
