match_id,frame_start,frame_end,oop,box_area,width,length,goal,attack_team,n_free,free_roles,why,priority
2016236,2470,2545,low_block,466.5,25.1,18.6,True,Adelaide United,6,"AM,CF,LDM,LW,RDM,RW","6 free attackers (AM,CF,LDM,LW,RDM,RW); ball inside defensive shape",65
2011166,4113,4166,low_block,741.1,24.9,29.8,True,Melbourne V FC,6,"AM,CF,LDM,LW,RDM,RW","6 free attackers (AM,CF,LDM,LW,RDM,RW); ball inside defensive shape",65
1996435,28118,28212,high_block,1429.4,30.5,46.9,True,Sydney FC,6,"AM,CF,LDM,LW,RDM,RW","6 free attackers (AM,CF,LDM,LW,RDM,RW); ball inside defensive shape",65
1874553,38678,38890,medium_block,1574.4,32.5,48.5,True,Adelaide United,6,"AM,CF,LDM,LW,RDM,RW","6 free attackers (AM,CF,LDM,LW,RDM,RW); ball inside defensive shape",65
1925299,50594,50633,low_block,481.9,25.2,19.1,False,Brisbane FC,6,"AM,CF,LDM,LW,RDM,RW","6 free attackers (AM,CF,LDM,LW,RDM,RW)",60
2016236,31260,31357,low_block,545.6,25.6,21.3,False,Adelaide United,6,"AM,CF,LDM,LW,RDM,RW","6 free attackers (AM,CF,LDM,LW,RDM,RW)",60
2011166,24006,24219,low_block,651.0,27.4,23.8,False,Melbourne V FC,6,"AM,CF,LDM,LW,RDM,RW","6 free attackers (AM,CF,LDM,LW,RDM,RW); ball inside defensive shape",60
1874553,28777,28850,low_block,666.4,26.9,24.8,False,Adelaide United,6,"AM,CF,LDM,LW,RDM,RW","6 free attackers (AM,CF,LDM,LW,RDM,RW)",60
2016236,11828,12064,low_block,688.1,23.2,29.7,False,Adelaide United,6,"AM,CF,LDM,LW,RDM,RW","6 free attackers (AM,CF,LDM,LW,RDM,RW); ball inside defensive shape",60
2017461,6862,7079,low_block,737.7,28.0,26.3,False,Melbourne V FC,6,"AM,CF,LDM,LW,RDM,RW","6 free attackers (AM,CF,LDM,LW,RDM,RW); ball inside defensive shape",60
2016236,69897,69953,low_block,828.6,23.1,35.9,False,Adelaide United,6,"AM,CF,LDM,LW,RDM,RW","6 free attackers (AM,CF,LDM,LW,RDM,RW); ball inside defensive shape",60
1925299,17583,17981,low_block,861.7,26.2,32.9,False,Brisbane FC,6,"AM,CF,LDM,LW,RDM,RW","6 free attackers (AM,CF,LDM,LW,RDM,RW); ball inside defensive shape",60
1874553,41139,41247,low_block,886.3,33.1,26.8,False,Brisbane FC,6,"AM,CF,LDM,LW,RDM,RW","6 free attackers (AM,CF,LDM,LW,RDM,RW)",60
1874553,52728,52846,low_block,893.4,24.9,35.9,False,Brisbane FC,6,"AM,CF,LDM,LW,RDM,RW","6 free attackers (AM,CF,LDM,LW,RDM,RW); ball inside defensive shape",60
1874553,37816,38059,low_block,895.4,29.9,29.9,False,Adelaide United,6,"AM,CF,LDM,LW,RDM,RW","6 free attackers (AM,CF,LDM,LW,RDM,RW); ball inside defensive shape",60
2017461,2590,2679,low_block,902.1,23.2,38.9,False,Melbourne V FC,6,"AM,CF,LDM,LW,RDM,RW","6 free attackers (AM,CF,LDM,LW,RDM,RW); ball inside defensive shape",60
1925299,30046,30135,low_block,942.8,28.2,33.5,False,Brisbane FC,6,"AM,CF,LDM,LW,RDM,RW","6 free attackers (AM,CF,LDM,LW,RDM,RW); ball inside defensive shape",60
1925299,37339,37538,low_block,946.1,27.9,33.9,False,Brisbane FC,6,"AM,CF,LDM,LW,RDM,RW","6 free attackers (AM,CF,LDM,LW,RDM,RW); ball inside defensive shape",60
2017461,6507,6799,low_block,952.3,29.4,32.4,False,Melbourne V FC,6,"AM,CF,LDM,LW,RDM,RW","6 free attackers (AM,CF,LDM,LW,RDM,RW); ball inside defensive shape",60
1925299,14433,14855,low_block,957.2,23.9,40.0,False,Brisbane FC,6,"AM,CF,LDM,LW,RDM,RW","6 free attackers (AM,CF,LDM,LW,RDM,RW); ball inside defensive shape",60
1874553,16145,16723,low_block,998.1,37.0,27.0,False,Adelaide United,6,"AM,CF,LDM,LW,RDM,RW","6 free attackers (AM,CF,LDM,LW,RDM,RW); ball inside defensive shape",60
1996435,56507,56575,low_block,1079.7,26.1,41.4,False,Adelaide United,6,"AM,CF,LDM,LW,RDM,RW","6 free attackers (AM,CF,LDM,LW,RDM,RW); ball inside defensive shape",60
1925299,32965,33075,low_block,1105.8,26.4,41.9,False,Brisbane FC,6,"AM,CF,LDM,LW,RDM,RW","6 free attackers (AM,CF,LDM,LW,RDM,RW); ball inside defensive shape",60
2017461,69651,69868,low_block,1121.1,24.4,46.0,False,Melbourne V FC,6,"AM,CF,LDM,LW,RDM,RW","6 free attackers (AM,CF,LDM,LW,RDM,RW); ball inside defensive shape",60
2017461,68566,68824,low_block,1133.7,30.2,37.6,False,Melbourne V FC,6,"AM,CF,LDM,LW,RDM,RW","6 free attackers (AM,CF,LDM,LW,RDM,RW); ball inside defensive shape",60
1874553,14102,14224,low_block,1135.4,35.3,32.2,False,Brisbane FC,6,"AM,CF,LDM,LW,RDM,RW","6 free attackers (AM,CF,LDM,LW,RDM,RW); ball inside defensive shape",60
1874553,47545,47627,low_block,1137.7,26.9,42.4,False,Adelaide United,6,"AM,CF,LDM,LW,RDM,RW","6 free attackers (AM,CF,LDM,LW,RDM,RW); ball inside defensive shape",60
1996436,29168,29218,low_block,1140.1,31.5,36.2,False,Macarthur FC,6,"AM,CF,LM,LW,RM,RW","6 free attackers (AM,CF,LM,LW,RM,RW); ball inside defensive shape",60
2011166,2623,2724,low_block,1155.9,23.5,49.1,False,Melbourne V FC,6,"AM,CF,LDM,LW,RDM,RW","6 free attackers (AM,CF,LDM,LW,RDM,RW); ball inside defensive shape",60
1996435,9993,10074,low_block,1156.7,27.3,42.3,False,Adelaide United,6,"AM,CF,LDM,LW,RDM,RW","6 free attackers (AM,CF,LDM,LW,RDM,RW); ball inside defensive shape",60
2011166,10406,10552,low_block,1159.7,29.5,39.4,False,Melbourne V FC,6,"AM,CF,LDM,LW,RDM,RW","6 free attackers (AM,CF,LDM,LW,RDM,RW); ball inside defensive shape",60
1874553,30724,30941,low_block,1180.9,31.7,37.3,False,Adelaide United,6,"AM,CF,LDM,LW,RDM,RW","6 free attackers (AM,CF,LDM,LW,RDM,RW); ball inside defensive shape",60
2011166,45372,45490,low_block,1201.0,27.6,43.5,False,Melbourne V FC,6,"AM,CF,LDM,LW,RDM,RW","6 free attackers (AM,CF,LDM,LW,RDM,RW)",60
1996436,40794,40931,low_block,1226.6,31.2,39.3,False,Macarthur FC,6,"AM,CF,LM,LW,RM,RW","6 free attackers (AM,CF,LM,LW,RM,RW); ball inside defensive shape",60
1996435,20850,20961,medium_block,1303.0,32.5,40.1,False,Adelaide United,6,"AM,CF,LDM,LW,RDM,RW","6 free attackers (AM,CF,LDM,LW,RDM,RW); ball inside defensive shape",60
1925299,32898,32965,medium_block,1430.0,34.7,41.2,False,Brisbane FC,6,"AM,CF,LDM,LW,RDM,RW","6 free attackers (AM,CF,LDM,LW,RDM,RW)",60
1996436,28361,28467,medium_block,1449.5,27.8,52.1,False,Macarthur FC,6,"AM,CF,LM,LW,RM,RW","6 free attackers (AM,CF,LM,LW,RM,RW); ball inside defensive shape",60
1925299,29958,30046,medium_block,1471.3,34.9,42.2,False,Brisbane FC,6,"AM,CF,LDM,LW,RDM,RW","6 free attackers (AM,CF,LDM,LW,RDM,RW)",60
1996435,48655,48685,medium_block,1547.5,32.2,48.0,False,Sydney FC,6,"AM,CF,LDM,LW,RDM,RW","6 free attackers (AM,CF,LDM,LW,RDM,RW); ball inside defensive shape",60
1996435,41197,41342,medium_block,1553.1,33.3,46.6,False,Sydney FC,6,"AM,CF,LDM,LW,RDM,RW","6 free attackers (AM,CF,LDM,LW,RDM,RW)",60
1996436,37217,37290,medium_block,1580.7,30.0,52.7,False,Macarthur FC,6,"AM,CF,LM,LW,RM,RW","6 free attackers (AM,CF,LM,LW,RM,RW); ball inside defensive shape",60
2011166,41823,41883,medium_block,1636.5,31.0,52.8,False,Melbourne V FC,6,"AM,CF,LDM,LW,RDM,RW","6 free attackers (AM,CF,LDM,LW,RDM,RW)",60
2006363,4772,4871,high_block,1918.9,28.8,66.7,False,CC Mariners,6,"AM,CF,LDM,LW,RDM,RW","6 free attackers (AM,CF,LDM,LW,RDM,RW); ball inside defensive shape",60
1959846,55427,55438,low_block,109.6,8.8,12.5,True,Western United,5,"CF,LM,LW,RM,RW","5 free attackers (CF,LM,LW,RM,RW); ball inside defensive shape",55
2017461,50826,50941,low_block,346.7,23.8,14.5,True,Auckland FC,5,"CF,LM,LW,RM,RW","5 free attackers (CF,LM,LW,RM,RW); ball inside defensive shape",55
2007721,5055,5413,low_block,521.7,24.7,21.1,True,Auckland FC,5,"CF,LM,LW,RM,RW","5 free attackers (CF,LM,LW,RM,RW); ball inside defensive shape",55
1959846,3923,4037,low_block,569.6,21.3,26.7,True,Melbourne V FC,5,"CF,LM,LW,RM,RW","5 free attackers (CF,LM,LW,RM,RW); ball inside defensive shape",55
1959846,8995,9125,low_block,582.5,24.1,24.1,True,Western United,5,"CF,LM,LW,RM,RW","5 free attackers (CF,LM,LW,RM,RW); ball inside defensive shape",55
1927964,57098,57243,low_block,690.9,25.1,27.5,True,Western Sydney,5,"CF,LM,LW,RM,RW","5 free attackers (CF,LM,LW,RM,RW); ball inside defensive shape",55
1959846,57277,57399,low_block,748.5,29.4,25.4,True,Western United,5,"CF,LM,LW,RM,RW","5 free attackers (CF,LM,LW,RM,RW); ball inside defensive shape",55
