query_match,query_frame,query_debt,query_free,query_oop,nn_match,nn_frame,nn_debt,nn_danger,nn_free,nn_oop,cosine_dist
1996435,28199,10.0,"AM,CF,LDM,LW,RDM,RW",high_block,1996435,28188,9.0,goal,"AM,CF,LDM,LW,RDM",high_block,0.012412091111946078
1996435,28199,10.0,"AM,CF,LDM,LW,RDM,RW",high_block,2017461,52367,9.5,shot,"CF,LM,LW,RM,RW",medium_block,0.04727735759850393
1996435,28199,10.0,"AM,CF,LDM,LW,RDM,RW",high_block,1996436,36045,9.5,shot,"CF,LM,LW,RM,RW",medium_block,0.06631735142448048
1874553,38874,9.5,"AM,CF,LDM,LW,RDM,RW",medium_block,1996435,20952,9.5,shot,"AM,CF,LDM,LW,RDM,RW",medium_block,0.021119672827792146
1874553,38874,9.5,"AM,CF,LDM,LW,RDM,RW",medium_block,1959846,20449,8.5,shot,"CF,LM,LW,RM,RW",medium_block,0.0510774036852677
1874553,38874,9.5,"AM,CF,LDM,LW,RDM,RW",medium_block,1886347,10829,9.5,shot,"AM,CF,LDM,LW,RDM,RW",low_block,0.0835848335062288
1996435,28168,9.5,"AM,CF,LDM,LW,RDM",high_block,2007721,38495,9.5,shot,"CF,LM,LW,RM,RW",medium_block,0.0056557096395257744
1996435,28168,9.5,"AM,CF,LDM,LW,RDM",high_block,1996436,36045,9.5,shot,"CF,LM,LW,RM,RW",medium_block,0.012952925258287062
1996435,28168,9.5,"AM,CF,LDM,LW,RDM",high_block,2007721,38518,9.5,shot,"CF,LM,LW,RM,RW",medium_block,0.018445211083548574
1874553,38904,9.5,"AM,CF,LDM,LW,RDM,RW",low_block,1996435,20952,9.5,shot,"AM,CF,LDM,LW,RDM,RW",medium_block,0.08216994891100704
1874553,38904,9.5,"AM,CF,LDM,LW,RDM,RW",low_block,1874553,38874,9.5,goal,"AM,CF,LDM,LW,RDM,RW",medium_block,0.08637867149673373
1874553,38904,9.5,"AM,CF,LDM,LW,RDM,RW",low_block,1886347,10829,9.5,shot,"AM,CF,LDM,LW,RDM,RW",low_block,0.0939772557953461
1874553,38856,9.0,"AM,CF,LDM,LW,RDM,RW",medium_block,2011166,41831,9.0,shot,"AM,CF,LDM,LW,RDM,RW",medium_block,0.04902081835235583
1874553,38856,9.0,"AM,CF,LDM,LW,RDM,RW",medium_block,1996435,20928,9.0,shot,"AM,CF,LDM,LW,RDM,RW",medium_block,0.0589530381134904
1874553,38856,9.0,"AM,CF,LDM,LW,RDM,RW",medium_block,1986691,33898,8.0,shot,"CF,LM,LW,RM,RW",medium_block,0.08114697743052812
1996435,21272,9.0,"AM,CF,LDM,LW,RDM,RW",low_block,1996435,21281,9.0,goal,"AM,CF,LDM,LW,RDM,RW",low_block,2.220446049250313e-16
1996435,21272,9.0,"AM,CF,LDM,LW,RDM,RW",low_block,2016236,61826,9.0,shot,"AM,CF,LDM,LW,RDM,RW",low_block,0.037112251896463055
1996435,21272,9.0,"AM,CF,LDM,LW,RDM,RW",low_block,1874553,179,9.0,shot,"AM,CF,LDM,LW,RDM,RW",low_block,0.07357059704196789
1996435,28188,9.0,"AM,CF,LDM,LW,RDM",high_block,1996435,28199,10.0,goal,"AM,CF,LDM,LW,RDM,RW",high_block,0.012412091111946078
1996435,28188,9.0,"AM,CF,LDM,LW,RDM",high_block,1996436,37259,8.0,shot,"AM,CF,LW,RM",medium_block,0.024835149252507294
1996435,28188,9.0,"AM,CF,LDM,LW,RDM",high_block,2017461,52367,9.5,shot,"CF,LM,LW,RM,RW",medium_block,0.0293809689878487
1996435,21281,9.0,"AM,CF,LDM,LW,RDM,RW",low_block,1996435,21281,9.0,goal,"AM,CF,LDM,LW,RDM,RW",low_block,2.220446049250313e-16
1996435,21281,9.0,"AM,CF,LDM,LW,RDM,RW",low_block,2016236,61826,9.0,shot,"AM,CF,LDM,LW,RDM,RW",low_block,0.037112251896463055
1996435,21281,9.0,"AM,CF,LDM,LW,RDM,RW",low_block,1874553,179,9.0,shot,"AM,CF,LDM,LW,RDM,RW",low_block,0.07357059704196789
2006363,4871,9.0,"AM,CF,LDM,LW,RDM,RW",low_block,1996435,18957,9.0,shot,"AM,CF,LDM,LW,RDM,RW",low_block,0.047688904925696995
2006363,4871,9.0,"AM,CF,LDM,LW,RDM,RW",low_block,2006363,16269,8.0,shot,"AM,CF,LDM,RDM,RW",medium_block,0.07207947859079367
2006363,4871,9.0,"AM,CF,LDM,LW,RDM,RW",low_block,1959846,6083,8.0,shot,"CF,LM,LW,RM,RW",low_block,0.08216782282240831
1996436,10981,9.0,"AM,CF,LM,LW,RM,RW",low_block,1925299,46497,9.0,shot,"AM,CF,LDM,LW,RDM,RW",low_block,0.002106223216475911
1996436,10981,9.0,"AM,CF,LM,LW,RM,RW",low_block,2006363,3256,9.0,shot,"AM,CF,LDM,LW,RDM,RW",low_block,0.014693362922567954
1996436,10981,9.0,"AM,CF,LM,LW,RM,RW",low_block,1996436,40921,9.0,shot,"AM,CF,LM,LW,RM,RW",low_block,0.020247890812517433
1996436,10962,9.0,"AM,CF,LM,LW,RM,RW",low_block,2006363,41779,9.0,shot,"AM,CF,LDM,LW,RDM,RW",low_block,0.0008150614668258616
1996436,10962,9.0,"AM,CF,LM,LW,RM,RW",low_block,1925299,46475,9.0,shot,"AM,CF,LDM,LW,RDM,RW",low_block,0.0031382815592775337
1996436,10962,9.0,"AM,CF,LM,LW,RM,RW",low_block,1874553,47617,9.0,shot,"AM,CF,LDM,LW,RDM,RW",low_block,0.01047026387220229
1996435,50762,9.0,"AM,CF,LDM,LW,RDM,RW",low_block,1996435,29409,9.0,shot,"AM,CF,LDM,LW,RDM,RW",low_block,0.012264143318803766
1996435,50762,9.0,"AM,CF,LDM,LW,RDM,RW",low_block,1996435,29455,9.0,shot,"AM,CF,LDM,LW,RDM,RW",low_block,0.050372060169540434
1996435,50762,9.0,"AM,CF,LDM,LW,RDM,RW",low_block,1996435,29460,9.0,shot,"AM,CF,LDM,LW,RDM,RW",low_block,0.050372060169540434
