feature,coef,abs_coef,family
n_off_ball_runs,0.3943853491393954,0.3943853491393954,graph
width,-0.3764537672115487,0.3764537672115487,baseline
length,-0.2908010276780386,0.2908010276780386,baseline
event_debt,-0.23909640068593116,0.23909640068593116,graph
any_inside_shape,0.2239038122491232,0.2239038122491232,graph
n_chain_presses,-0.18976457870337118,0.18976457870337118,graph
box_area,0.1879175220391082,0.1879175220391082,baseline
has_debt_event,0.15602347500917987,0.15602347500917987,graph
block_low_block,0.11119245446792511,0.11119245446792511,baseline
block_medium_block,-0.08867509027202748,0.08867509027202748,baseline
mean_n_edges,-0.055027773842157804,0.055027773842157804,graph
any_far_runner,0.046784856782513554,0.046784856782513554,graph
mean_n_nodes,-0.015080880123088254,0.015080880123088254,graph
block_high_block,-0.014522767214695715,0.014522767214695715,baseline
mean_pressure,-0.008035450976626309,0.008035450976626309,baseline
chain_failed,0.007192524081017177,0.007192524081017177,graph
