oop_phase_type,lead_to_shot,n_phases,mean_width,median_width,mean_length,median_length,mean_box_area,median_box_area,std_box_area
low_block,False,1322,34.05279500756429,33.7,41.814039334341906,41.1,1430.1565930219363,1401.255325,389.52922698599394
low_block,True,301,30.759302325581395,30.21,40.94883720930232,40.31,1263.8563424418608,1251.3085,379.0389027743931
low_block,diff_shot_minus_nons,1623,-3.2934926819828974,-3.490000000000002,-0.8652021250395876,-0.7899999999999991,-166.3002505800755,-149.946825,
medium_block,False,2620,36.66662485526824,36.33,51.589789656503285,51.36,1897.999480779622,1851.2508,465.77037768195265
medium_block,True,260,35.42776061776062,35.055,51.23388030888031,50.885,1814.5932534749033,1787.336875,441.0056623818839
medium_block,diff_shot_minus_nons,2880,-1.2388642375076202,-1.2749999999999986,-0.3559093476229762,-0.4750000000000014,-83.40622730471864,-63.91392500000006,
high_block,False,1124,37.62184608540925,37.6875,62.75224644128113,62.6025,2359.095881427936,2335.5036,368.79374843755346
high_block,True,72,36.83125,37.2,62.86493055555556,62.44749999999999,2313.067164236111,2272.553,369.21967693031434
high_block,diff_shot_minus_nons,1196,-0.7905960854092555,-0.48749999999999716,0.1126841142744297,-0.15500000000000824,-46.02871719182531,-62.95060000000012,
