slice,event_subtype,end_type,oop_phase_type,n,n_shot,shot_rate
subtype_overall,pressure,,,4636,580,0.12510785159620363
subtype_overall,pressing,,,3847,31,0.008058227190018197
subtype_overall,recovery_press,,,4084,647,0.15842311459353575
subtype_overall,counter_press,,,1627,59,0.03626306084818685
subtype_overall,other,,,3251,455,0.13995693632728393
subtype_x_end_type,pressure,direct_disruption,,38,3,0.07894736842105263
subtype_x_end_type,pressure,direct_regain,,188,11,0.05851063829787234
subtype_x_end_type,pressure,foul_committed,,58,0,0.0
subtype_x_end_type,pressure,indirect_disruption,,171,6,0.03508771929824561
subtype_x_end_type,pressure,indirect_regain,,783,51,0.06513409961685823
subtype_x_end_type,pressure,no_end_type,,3398,509,0.14979399646851088
subtype_x_end_type,pressing,direct_disruption,,27,1,0.037037037037037035
subtype_x_end_type,pressing,direct_regain,,50,0,0.0
subtype_x_end_type,pressing,foul_committed,,35,0,0.0
subtype_x_end_type,pressing,indirect_disruption,,101,1,0.009900990099009901
subtype_x_end_type,pressing,indirect_regain,,355,0,0.0
subtype_x_end_type,pressing,no_end_type,,3279,29,0.008844159804818542
subtype_x_end_type,recovery_press,direct_disruption,,40,2,0.05
subtype_x_end_type,recovery_press,direct_regain,,184,8,0.043478260869565216
subtype_x_end_type,recovery_press,foul_committed,,63,0,0.0
subtype_x_end_type,recovery_press,indirect_disruption,,233,12,0.05150214592274678
subtype_x_end_type,recovery_press,indirect_regain,,823,62,0.07533414337788578
subtype_x_end_type,recovery_press,no_end_type,,2741,563,0.20539948923750456
subtype_x_end_type,counter_press,direct_disruption,,12,1,0.08333333333333333
subtype_x_end_type,counter_press,direct_regain,,14,0,0.0
subtype_x_end_type,counter_press,foul_committed,,5,0,0.0
subtype_x_end_type,counter_press,indirect_disruption,,42,3,0.07142857142857142
subtype_x_end_type,counter_press,indirect_regain,,93,0,0.0
subtype_x_end_type,counter_press,no_end_type,,1461,55,0.03764544832306639
subtype_x_end_type,other,direct_disruption,,34,2,0.058823529411764705
subtype_x_end_type,other,direct_regain,,141,5,0.03546099290780142
subtype_x_end_type,other,foul_committed,,55,0,0.0
subtype_x_end_type,other,indirect_disruption,,141,3,0.02127659574468085
subtype_x_end_type,other,indirect_regain,,590,71,0.12033898305084746
subtype_x_end_type,other,no_end_type,,2290,374,0.1633187772925764
subtype_x_end_type_x_block,pressure,direct_disruption,high_block,1,0,0.0
subtype_x_end_type_x_block,pressure,direct_regain,high_block,5,0,0.0
subtype_x_end_type_x_block,pressure,foul_committed,high_block,4,0,0.0
subtype_x_end_type_x_block,pressure,indirect_disruption,high_block,11,0,0.0
subtype_x_end_type_x_block,pressure,indirect_regain,high_block,17,0,0.0
subtype_x_end_type_x_block,pressure,no_end_type,high_block,79,1,0.012658227848101266
subtype_x_end_type_x_block,pressure,direct_disruption,low_block,18,2,0.1111111111111111
subtype_x_end_type_x_block,pressure,direct_regain,low_block,60,7,0.11666666666666667
subtype_x_end_type_x_block,pressure,foul_committed,low_block,9,0,0.0
subtype_x_end_type_x_block,pressure,indirect_disruption,low_block,81,4,0.04938271604938271
subtype_x_end_type_x_block,pressure,indirect_regain,low_block,242,30,0.12396694214876033
subtype_x_end_type_x_block,pressure,no_end_type,low_block,2098,350,0.16682554814108674
subtype_x_end_type_x_block,pressure,direct_disruption,medium_block,3,0,0.0
subtype_x_end_type_x_block,pressure,direct_regain,medium_block,14,0,0.0
subtype_x_end_type_x_block,pressure,foul_committed,medium_block,14,0,0.0
subtype_x_end_type_x_block,pressure,indirect_disruption,medium_block,21,0,0.0
subtype_x_end_type_x_block,pressure,indirect_regain,medium_block,91,0,0.0
subtype_x_end_type_x_block,pressure,no_end_type,medium_block,462,13,0.02813852813852814
subtype_x_end_type_x_block,pressing,direct_disruption,high_block,10,1,0.1
subtype_x_end_type_x_block,pressing,direct_regain,high_block,16,0,0.0
subtype_x_end_type_x_block,pressing,foul_committed,high_block,6,0,0.0
subtype_x_end_type_x_block,pressing,indirect_disruption,high_block,26,0,0.0
subtype_x_end_type_x_block,pressing,indirect_regain,high_block,99,0,0.0
subtype_x_end_type_x_block,pressing,no_end_type,high_block,1103,6,0.005439709882139619
subtype_x_end_type_x_block,pressing,direct_disruption,medium_block,17,0,0.0
subtype_x_end_type_x_block,pressing,direct_regain,medium_block,31,0,0.0
subtype_x_end_type_x_block,pressing,foul_committed,medium_block,29,0,0.0
subtype_x_end_type_x_block,pressing,indirect_disruption,medium_block,54,1,0.018518518518518517
subtype_x_end_type_x_block,pressing,indirect_regain,medium_block,165,0,0.0
subtype_x_end_type_x_block,pressing,no_end_type,medium_block,2132,22,0.010318949343339587
subtype_x_end_type_x_block,recovery_press,direct_disruption,high_block,1,0,0.0
subtype_x_end_type_x_block,recovery_press,direct_regain,high_block,6,0,0.0
subtype_x_end_type_x_block,recovery_press,indirect_disruption,high_block,6,0,0.0
subtype_x_end_type_x_block,recovery_press,indirect_regain,high_block,13,0,0.0
subtype_x_end_type_x_block,recovery_press,no_end_type,high_block,116,4,0.034482758620689655
subtype_x_end_type_x_block,recovery_press,direct_disruption,low_block,30,2,0.06666666666666667
subtype_x_end_type_x_block,recovery_press,direct_regain,low_block,75,7,0.09333333333333334
subtype_x_end_type_x_block,recovery_press,foul_committed,low_block,8,0,0.0
subtype_x_end_type_x_block,recovery_press,indirect_disruption,low_block,125,5,0.04
subtype_x_end_type_x_block,recovery_press,indirect_regain,low_block,288,41,0.1423611111111111
subtype_x_end_type_x_block,recovery_press,no_end_type,low_block,1194,366,0.3065326633165829
subtype_x_end_type_x_block,recovery_press,direct_disruption,medium_block,1,0,0.0
subtype_x_end_type_x_block,recovery_press,direct_regain,medium_block,38,0,0.0
subtype_x_end_type_x_block,recovery_press,foul_committed,medium_block,23,0,0.0
subtype_x_end_type_x_block,recovery_press,indirect_disruption,medium_block,44,0,0.0
subtype_x_end_type_x_block,recovery_press,indirect_regain,medium_block,198,0,0.0
subtype_x_end_type_x_block,recovery_press,no_end_type,medium_block,868,44,0.05069124423963134
subtype_x_end_type_x_block,counter_press,direct_disruption,high_block,6,0,0.0
subtype_x_end_type_x_block,counter_press,direct_regain,high_block,7,0,0.0
subtype_x_end_type_x_block,counter_press,foul_committed,high_block,1,0,0.0
subtype_x_end_type_x_block,counter_press,indirect_disruption,high_block,12,0,0.0
subtype_x_end_type_x_block,counter_press,indirect_regain,high_block,16,0,0.0
subtype_x_end_type_x_block,counter_press,no_end_type,high_block,416,0,0.0
subtype_x_end_type_x_block,counter_press,direct_disruption,medium_block,4,1,0.25
subtype_x_end_type_x_block,counter_press,direct_regain,medium_block,7,0,0.0
subtype_x_end_type_x_block,counter_press,foul_committed,medium_block,4,0,0.0
subtype_x_end_type_x_block,counter_press,indirect_disruption,medium_block,21,1,0.047619047619047616
subtype_x_end_type_x_block,counter_press,indirect_regain,medium_block,46,0,0.0
subtype_x_end_type_x_block,counter_press,no_end_type,medium_block,913,39,0.04271631982475356
subtype_x_end_type_x_block,other,direct_disruption,high_block,5,0,0.0
subtype_x_end_type_x_block,other,indirect_disruption,high_block,5,0,0.0
subtype_x_end_type_x_block,other,indirect_regain,high_block,11,0,0.0
subtype_x_end_type_x_block,other,no_end_type,high_block,156,0,0.0
subtype_x_end_type_x_block,other,direct_disruption,low_block,15,1,0.06666666666666667
subtype_x_end_type_x_block,other,direct_regain,low_block,39,4,0.10256410256410256
subtype_x_end_type_x_block,other,foul_committed,low_block,5,0,0.0
subtype_x_end_type_x_block,other,indirect_disruption,low_block,36,3,0.08333333333333333
subtype_x_end_type_x_block,other,indirect_regain,low_block,139,42,0.302158273381295
subtype_x_end_type_x_block,other,no_end_type,low_block,920,251,0.2728260869565217
subtype_x_end_type_x_block,other,direct_regain,medium_block,17,0,0.0
subtype_x_end_type_x_block,other,foul_committed,medium_block,10,0,0.0
subtype_x_end_type_x_block,other,indirect_disruption,medium_block,16,0,0.0
subtype_x_end_type_x_block,other,indirect_regain,medium_block,57,0,0.0
subtype_x_end_type_x_block,other,no_end_type,medium_block,490,9,0.018367346938775512
subtype_x_oop_phase,pressure,,chaotic,767,0,0.0
subtype_x_oop_phase,pressure,,defending_direct,96,1,0.010416666666666666
subtype_x_oop_phase,pressure,,defending_quick_break,106,59,0.5566037735849056
subtype_x_oop_phase,pressure,,defending_set_play,268,88,0.3283582089552239
subtype_x_oop_phase,pressure,,defending_transition,107,25,0.2336448598130841
subtype_x_oop_phase,pressure,,disruption,62,0,0.0
subtype_x_oop_phase,pressure,,high_block,117,1,0.008547008547008548
subtype_x_oop_phase,pressure,,low_block,2508,393,0.15669856459330145
subtype_x_oop_phase,pressure,,medium_block,605,13,0.021487603305785124
subtype_x_oop_phase,pressing,,defending_direct,159,1,0.006289308176100629
subtype_x_oop_phase,pressing,,high_block,1260,7,0.005555555555555556
subtype_x_oop_phase,pressing,,medium_block,2428,23,0.009472817133443162
subtype_x_oop_phase,recovery_press,,chaotic,442,0,0.0
subtype_x_oop_phase,recovery_press,,defending_direct,36,3,0.08333333333333333
subtype_x_oop_phase,recovery_press,,defending_quick_break,150,67,0.44666666666666666
subtype_x_oop_phase,recovery_press,,defending_set_play,62,28,0.45161290322580644
subtype_x_oop_phase,recovery_press,,defending_transition,330,80,0.24242424242424243
subtype_x_oop_phase,recovery_press,,disruption,30,0,0.0
subtype_x_oop_phase,recovery_press,,high_block,142,4,0.028169014084507043
subtype_x_oop_phase,recovery_press,,low_block,1720,421,0.24476744186046512
subtype_x_oop_phase,recovery_press,,medium_block,1172,44,0.03754266211604096
subtype_x_oop_phase,counter_press,,defending_direct,47,1,0.02127659574468085
subtype_x_oop_phase,counter_press,,defending_quick_break,19,2,0.10526315789473684
subtype_x_oop_phase,counter_press,,defending_transition,108,15,0.1388888888888889
subtype_x_oop_phase,counter_press,,high_block,458,0,0.0
subtype_x_oop_phase,counter_press,,medium_block,995,41,0.04120603015075377
subtype_x_oop_phase,other,,chaotic,825,1,0.0012121212121212121
subtype_x_oop_phase,other,,defending_direct,32,2,0.0625
subtype_x_oop_phase,other,,defending_quick_break,117,49,0.4188034188034188
subtype_x_oop_phase,other,,defending_set_play,131,53,0.40458015267175573
subtype_x_oop_phase,other,,defending_transition,158,40,0.25316455696202533
subtype_x_oop_phase,other,,disruption,67,0,0.0
subtype_x_oop_phase,other,,high_block,177,0,0.0
subtype_x_oop_phase,other,,low_block,1154,301,0.2608318890814558
subtype_x_oop_phase,other,,medium_block,590,9,0.015254237288135594
